name,email
Nadia Ilves,nadia.ilves@ardenline.example
Tomas Bergh,tomas.bergh@ardenline.example
Elin Halvorsen,elin.halvorsen@ardenline.example
Owen Pryce,owen.pryce@ardenline.example
Marek Dvorak,marek.dvorak@ardenline.example
Priya Raman,priya.raman@ardenline.example
Sami Okonkwo,sami.okonkwo@ardenline.example
Yuki Tanabe,yuki.tanabe@ardenline.example
Rosa Delgado,rosa.delgado@ardenline.example
Ibrahim Chaudhry,ibrahim.chaudhry@ardenline.example
Ana Ferreira,ana.ferreira@ardenline.example
Greta Lindqvist,greta.lindqvist@ardenline.example
